{
  "departamentos": [
    {"code": "CALL", "name": "El Callao"},
    {"code": "LIMA", "name": "Lima Metropolitana"},
    {"code": "LIPO", "name": "Lima Provincias"},
    {"code": "AMAZ", "name": "Amazonas"},
    {"code": "ANCA", "name": "Ancash"},
    {"code": "APUR", "name": "Apurímac"},
    {"code": "AREQ", "name": "Arequipa"},
    {"code": "AYAC", "name": "Ayacucho"},
    {"code": "CAJA", "name": "Cajamarca"},
    {"code": "CUSC", "name": "Cusco"},
    {"code": "HUVA", "name": "Huancavelica"},
    {"code": "HUNO", "name": "Huanuco"},
    {"code": "ICAA", "name": "Ica"},
    {"code": "JUNI", "name": "Junín"},
    {"code": "LALA", "name": "La Libertad"},
    {"code": "LAME", "name": "Lambayeque"},
    {"code": "LORO", "name": "Loreto"},
    {"code": "MDDO", "name": "Madre de Dios"},
    {"code": "MOQE", "name": "Moquegua"},
    {"code": "PASC", "name": "Pasco"},
    {"code": "PIUR", "name": "Piura"},
    {"code": "PUNO", "name": "Puno"},
    {"code": "SAMA", "name": "San Martín"},
    {"code": "TACA", "name": "Tacna"},
    {"code": "TUMB", "name": "Tumbes"},
    {"code": "UCAY", "name": "Ucayali"}
  ],
  "distritos": {
    "CALL": [
      "Callao",
      "Bellavista",
      "Carmen de la Legua - Reynoso",
      "La Perla",
      "La Punta",
      "Ventanilla",
      "Mi Perú"
    ],
    "LIMA": [
      "Ancón",
      "Ate",
      "Ate-Salamanca",
      "Barranco",
      "Breña",
      "Carabayllo",
      "Chaclacayo",
      "Chorrillos",
      "Cieneguilla",
      "Comas",
      "Comas - Collique",
      "El Agustino",
      "Independencia",
      "Jesús María",
      "La Molina",
      "La Victoria",
      "Lima Cercado",
      "Lince",
      "Los Olivos",
      "Lurigancho - Chosica",
      "Lurín",
      "Magdalena del Mar",
      "Miraflores",
      "Pueblo Libre",
      "Pachacamac",
      "Pucusana",
      "Puente Piedra",
      "Punta Hermosa",
      "Punta Negra",
      "Rímac",
      "San Bartolo",
      "San Borja",
      "San Isidro",
      "San Juan de Lurigancho",
      "San Juan de Miraflores",
      "San Luis",
      "San Martín de Porres",
      "San Miguel",
      "Santa Anita",
      "Santa María del Mar",
      "Santa Rosa",
      "Santiago de Surco",
      "Surquillo",
      "Villa el Salvador",
      "Villa María"
    ],
    "LIPO": [
      "Barranca - Barranca",
      "Barranca - Paramonga",
      "Barranca - Pativilca",
      "Barranca - Supe",
      "Barranca - Supe Puerto",
      "Canta - Canta",
      "Canta - Arahuay",
      "Canta - Huamantanga",
      "Canta - Huaros",
      "Canta - Lachaqui",
      "Canta - San Buenaventura",
      "Canta - Santa rosa de quives",
      "Cañete - Cañete",
      "Cañete - Asia",
      "Cañete - Calango",
      "Cañete - Cerro Azul",
      "Cañete - Chilca",
      "Cañete - Coayllo",
      "Cañete - Imperial",
      "Cañete - Lunahuana",
      "Cañete - Mala",
      "Cañete - Nuevo Imperial",
      "Cañete - Pacaran",
      "Cañete - Quilmana",
      "Cañete - San Antonio",
      "Cañete - San Luis",
      "Cañete - San Vicente de Cañete",
      "Cañete - Santa Cruz de Flores",
      "Cañete - Zuñiga",
      "Huaral - Huaral",
      "Huaral - Chancay",
      "Huaral - Aucallama",
      "Huarochirí - Callahuanca",
      "Huarochirí - Carampoma",
      "Huarochirí - Casapalca",
      "Huarochirí - Huachupampa",
      "Huarochirí - Huanza",
      "Huarochirí - Laraos",
      "Huarochirí - Matucana",
      "Huarochirí - Ricardo Palma",
      "Huarochirí - San andres de tupicocha",
      "Huarochirí - San bartolome",
      "Huarochirí - San damian",
      "Huarochirí - San jeronimo de surco",
      "Huarochirí - San juan de iris",
      "Huarochirí - San mateo",
      "Huarochirí - San mateo de otao",
      "Huarochirí - San pedro de casta",
      "Huarochirí - Santa cruz de cocachacra",
      "Huarochirí - Santa aulalia",
      "Huarochirí - Santiado de tuna",
      "Huaura - Huaura",
      "Huaura - Caleta de carquin",
      "Huaura - Huacho",
      "Huaura - Hualmay",
      "Huaura - Santa Maria",
      "Huaura - Sayan",
      "Huaura - Vegueta",
      "Yauyos - Yauyos",
      "Yauyos - Alis",
      "Yauyos - Ayauca",
      "Yauyos - Azangaro",
      "Yauyos - Cacra",
      "Yauyos - Carania",
      "Yauyos - Catahuasi",
      "Yauyos - Chocos",
      "Yauyos - Colonia",
      "Yauyos - Hongos",
      "Yauyos - Huancaya",
      "Yauyos - Huangascar",
      "Yauyos - Huantan",
      "Yauyos - Laraos",
      "Yauyos - Lincha",
      "Yauyos - Madean",
      "Yauyos - Miraflores",
      "Yauyos - Putinza",
      "Yauyos - Tanta",
      "Yauyos - Tomas",
      "Yauyos - Tupe",
      "Yauyos - Vitis",
      "Yauyos - Viñac"
    ],
    "AMAZ": [
      "Bagua - Bagua",
      "Bagua - Bagua Grande",
      "Bagua - Aramango",
      "Bagua - Copallin",
      "Bagua - El Parco",
      "Bagua - Imacita",
      "Bagua - La Peca",
      "Bongara - Chisquilla",
      "Bongara - Churuja",
      "Bongara - Corosha",
      "Bongara - Cuipes",
      "Bongara - Florida",
      "Bongara - Jumbilla",
      "Bongara - Pedro Ruiz",
      "Bongara - Recta",
      "Bongara - San Carlos",
      "Bongara - Shipasbamba",
      "Bongara - Valera",
      "Bongara - Yambrasbamba",
      "Chachapoyas - Chachapoyas",
      "Chachapoyas - Asuncion",
      "Chachapoyas - Balsas",
      "Chachapoyas - Cheto",
      "Chachapoyas - Chiliquin",
      "Chachapoyas - Chuquibamba",
      "Chachapoyas - Granada",
      "Chachapoyas - Huancas",
      "Chachapoyas - La Jalca",
      "Chachapoyas - Leimebamba",
      "Chachapoyas - Levanto",
      "Chachapoyas - Magdalena",
      "Chachapoyas - Mariscal Castilla",
      "Chachapoyas - Molinopampa",
      "Chachapoyas - Montevideo",
      "Chachapoyas - Olleros",
      "Chachapoyas - Quinjalca",
      "Chachapoyas - San francisco de daguas",
      "Chachapoyas - San isidro de maino",
      "Chachapoyas - Soloco",
      "Chachapoyas - Sonche",
      "Condorcanqui - Santa maria de nieva",
      "Luya - Luya",
      "Luya - Camporredondo",
      "Luya - Cocabamba",
      "Luya - Colcamar",
      "Luya - Conila",
      "Luya - Inguilpata",
      "Luya - Lamud",
      "Luya - Longuita",
      "Luya - Lonya chico",
      "Luya - Luya viejo",
      "Luya - Maria",
      "Luya - Ocalli",
      "Luya - Ocumal",
      "Luya - Pisuquia",
      "Luya - Providencia",
      "Luya - San cristobal",
      "Luya - San francisco del yeso",
      "Luya - San jeronimo",
      "Luya - San juan de lopecancha",
      "Luya - Santa catalina",
      "Luya - Santo tomas",
      "Luya - Tingo",
      "Luya - Trita",
      "Rodriguez de Mendoza - Rodriguez de Mendoza",
      "Rodriguez de Mendoza - Chirimoto",
      "Rodriguez de Mendoza - Cochamal",
      "Rodriguez de Mendoza - Huambo",
      "Rodriguez de Mendoza - Limabamba",
      "Rodriguez de Mendoza - Longar",
      "Rodriguez de Mendoza - Mariscal benavides",
      "Rodriguez de Mendoza - Milpuc",
      "Rodriguez de Mendoza - Omia",
      "Rodriguez de Mendoza - Santa Rosa",
      "Rodriguez de Mendoza - Totora",
      "Rodriguez de Mendoza - Vista Alegre",
      "Utcubamba - Bagua grande",
      "Utcubamba - Cajaruro",
      "Utcubamba - Cumba",
      "Utcubamba - El milagro",
      "Utcubamba - Jamalca",
      "Utcubamba - Lonya grande",
      "Utcubamba - Yamon"
    ],
    "ANCA": [
      "Aija - Aija",
      "Aija - Coris",
      "Aija - Huacllan",
      "Aija - La merced",
      "Aija - Succha",
      "Antonio Raymondi - Aczo",
      "Antonio Raymondi - Chaccho",
      "Antonio Raymondi - Chingas",
      "Antonio Raymondi - Llamellin",
      "Antonio Raymondi - Mirgas",
      "Antonio Raymondi - San juan de rontoy",
      "San juan de rontoy - Acochaca",
      "San juan de rontoy - Chacas",
      "Bolognesi - Abelardo pardo lezameta",
      "Bolognesi - Antonio raymondi",
      "Bolognesi - Aquia",
      "Bolognesi - Cajacay",
      "Bolognesi - Canis",
      "Bolognesi - Chasquitambo",
      "Bolognesi - Chiquian",
      "Bolognesi - Huallanca",
      "Bolognesi - Huasta",
      "Bolognesi - Pacllon",
      "Bolognesi - San miguel de corpanqui",
      "Bolognesi - Ticllos",
      "Carhuaz - Carhuaz",
      "Carhuaz - Acopampa",
      "Carhuaz - Amashca",
      "Carhuaz - Anta",
      "Carhuaz - Ataquero",
      "Carhuaz - Marcara",
      "Carhuaz - Pariahuanca",
      "Carhuaz - San miguel de aco",
      "Carhuaz - Shilla",
      "Carhuaz - Tinco",
      "Carhuaz - Yungar",
      "Carlos Fermín Fiztcarrald - San luis",
      "Carlos Fermín Fiztcarrald - San nicolas",
      "Carlos Fermín Fiztcarrald - Yauya",
      "Casma - Casma",
      "Casma - Buena vista alta",
      "Casma - Comandante noel",
      "Casma - Yautan",
      "Corongo - Corongo",
      "Corongo - Aco",
      "Corongo - Bambas",
      "Corongo - Cusca",
      "Corongo - La pampa",
      "Corongo - Yanac",
      "Corongo - Yupan",
      "Huaraz - Huaraz",
      "Huaraz - Cochabamba",
      "Huaraz - Independencia",
      "Huaraz - La libertad (HRZ) - Cajamarquilla",
      "Huaraz - Olleros",
      "Huaraz - Pampas Grande",
      "Huaraz - Pariacoto",
      "Huaraz - Pira",
      "Huari - Huari",
      "Huari - Anra",
      "Huari - Cajay",
      "Huari - Chavin de huantar",
      "Huari - Huacchis",
      "Huari - Huachis",
      "Huari - Huantar",
      "Huari - Masin",
      "Huari - Ponto",
      "Huari - Rahuapampa",
      "Huari - San marcos",
      "Huari - Uco",
      "Huarmey - Huarmey",
      "Huarmey - Culebras",
      "Huaylas - Huaylas",
      "Huaylas - Caraz",
      "Huaylas - Huallanca",
      "Huaylas - Huata",
      "Huaylas - Mato",
      "Huaylas - Pamparomas",
      "Huaylas - Pueblo libre",
      "Huaylas - Santa cruz",
      "Huaylas - Santo toribio",
      "Huaylas - Yuracmarca",
      "Pallasca - Pallasca",
      "Pallasca - Bolognesi",
      "Pallasca - Cabana",
      "Pallasca - Conchucos",
      "Pallasca - Huacaschuque",
      "Pallasca - Huandoval",
      "Pallasca - Lacabamba",
      "Pallasca - Llapo",
      "Pallasca - Pampas",
      "Pallasca - Santa rosa",
      "Pallasca - Tauca",
      "Pomabamba - Pomabamba",
      "Pomabamba - Huayllan",
      "Pomabamba - Parobamba",
      "Pomabamba - Quinuabamba",
      "Recuay - Recuay",
      "Recuay - Catac",
      "Recuay - Ticapampa",
      "Santa - Santa",
      "Santa - Caceres del peru",
      "Santa - Chimbote",
      "Santa - Coishco",
      "Santa - Macate",
      "Santa - Moro",
      "Santa - Nepeña",
      "Santa - Nuevo Chimbote",
      "Santa - Samanco",
      "Sihuas - Sihuas",
      "Sihuas - Acobamba",
      "Sihuas - Alfonso ugarte",
      "Sihuas - Cashapampa",
      "Sihuas - Chingalpo",
      "Sihuas - Huayllabamba",
      "Sihuas - Quiches",
      "Sihuas - Ragash",
      "Sihuas - San Juan",
      "Sihuas - Sicsibamba",
      "Yungay - Yungay",
      "Yungay - Mancos",
      "Yungay - Matacoto",
      "Yungay - Ranrahirca",
      "Yungay - Shupluy",
      "Yungay - Yanama"
    ],
    "APUR": [
      "Abancay - Abancay",
      "Abancay - Curahuasi",
      "Abancay - Tamburco",
      "Andahuaylas - Andahuaylas",
      "Andahuaylas - Andarapa",
      "Andahuaylas - Chiara",
      "Andahuaylas - Huancarama",
      "Andahuaylas - Huancaray",
      "Andahuaylas - Huayana",
      "Andahuaylas - Jose maria arguedas",
      "Andahuaylas - Kaquiabamba",
      "Andahuaylas - Kishuara",
      "Andahuaylas - Pacobamba",
      "Andahuaylas - Pacucha",
      "Andahuaylas - Pampachiri",
      "Andahuaylas - Pomacocha",
      "Andahuaylas - San antonio de cachi",
      "Andahuaylas - San jeronimo",
      "Andahuaylas - San miguel de chaccrampa",
      "Andahuaylas - Santa maria de chicmo",
      "Andahuaylas - Talavera",
      "Andahuaylas - Tumay huaraca",
      "Andahuaylas - Turpo",
      "Antabamba - Antabamba",
      "Aymaraes - Capaya",
      "Aymaraes - Caraybamba",
      "Aymaraes - Chalhuanca",
      "Aymaraes - Chapimarca",
      "Aymaraes - Colcabamba",
      "Aymaraes - Cotaruse",
      "Aymaraes - Huayllo",
      "Aymaraes - Justo apu sahuaraura",
      "Aymaraes - Lucre",
      "Aymaraes - Pocohuanca",
      "Aymaraes - San juan de chacña",
      "Aymaraes - Sañayca",
      "Aymaraes - Soraya",
      "Aymaraes - Tapairihua",
      "Aymaraes - Tintay",
      "Aymaraes - Toraya",
      "Aymaraes - Yanaca",
      "Cotabambas - Cotabambas",
      "Cotabambas - Challhuahuacho",
      "Cotabambas - Haquira",
      "Cotabambas - Tambobamba",
      "Chincheros - Chincheros",
      "Chincheros - Cocharcas",
      "Chincheros - El porvenir",
      "Chincheros - Huaccana",
      "Chincheros - Ocobamba",
      "Chincheros - Ongoy",
      "Chincheros - Ranracancha",
      "Chincheros - Uranmarca",
      "Chincheros - Uripa",
      "Grau - Chuquibambilla",
      "Grau - Curasco",
      "Grau - Curpahuasi",
      "Grau - Gamarra",
      "Grau - Huayllati",
      "Grau - Mamara",
      "Grau - Micaela bastidas",
      "Grau - Pataypampa",
      "Grau - Progresos",
      "Grau - San antonio",
      "Grau - Santa rosa",
      "Grau - Turpay",
      "Grau - Vilcabamba",
      "Grau - Virundo"
    ],
    "AREQ": [
      "Arequipa - Arequipa",
      "Arequipa - Alto selva alegre",
      "Arequipa - Cayma",
      "Arequipa - Cerro colorado",
      "Arequipa - Cerro verde",
      "Arequipa - Characato",
      "Arequipa - Chiguata",
      "Arequipa - Jacobo hunter",
      "Arequipa - Jose luis bustamante y rivero",
      "Arequipa - Mariano melgar",
      "Arequipa - Miraflores",
      "Arequipa - Mollebaya",
      "Arequipa - Paucarpata",
      "Arequipa - Pocsi",
      "Arequipa - Polobaya",
      "Arequipa - Quequeña",
      "Arequipa - Sabandia",
      "Arequipa - Sachaca",
      "Arequipa - San juan de siguas",
      "Arequipa - San juan de tarucani",
      "Arequipa - Santa isabel de siguas",
      "Arequipa - Santa rita de siguas",
      "Arequipa - Socobaya",
      "Arequipa - Tiabaya",
      "Arequipa - Vitor",
      "Arequipa - Yanahuara",
      "Arequipa - Yarabamba",
      "Arequipa - Yura",
      "Camaná - Camaná",
      "Camaná - Jose maria quimper",
      "Camaná - Mariano nicolas valcarcel",
      "Camaná - Mariscal caceres",
      "Camaná - Nicolas de pierola",
      "Camaná - Ocoña",
      "Camaná - Quilca",
      "Camaná - Samuel pastor",
      "Caravelí - Caravelí",
      "Caravelí - Acari",
      "Caravelí - Atico",
      "Caravelí - Bella Union",
      "Caravelí - Cahuacho",
      "Caravelí - Chala",
      "Caravelí - Jaqui",
      "Caravelí - Lomas",
      "Caravelí - Quicacha",
      "Caravelí - Yauca",
      "Castilla - Andagua",
      "Castilla - Aplao",
      "Castilla - Ayo",
      "Castilla - Chachas",
      "Castilla - Chilcaymarca",
      "Castilla - Huancarqui",
      "Castilla - Machaguay",
      "Castilla - Orcopampa",
      "Castilla - Pampacolca",
      "Castilla - Tipan",
      "Castilla - Uraca",
      "Castilla - Uños",
      "Castilla - Viraco",
      "Caylloma - Caylloma",
      "Caylloma - Achoma",
      "Caylloma - Cabanaconde",
      "Caylloma - Callalli",
      "Caylloma - Chivay",
      "Caylloma - Coporaque",
      "Caylloma - El Pedregal",
      "Caylloma - Huanbo",
      "Caylloma - Huanca",
      "Caylloma - Ichupampa",
      "Caylloma - Lari",
      "Caylloma - Lluta",
      "Caylloma - Maca",
      "Caylloma - Majes",
      "Caylloma - Madrigal",
      "Caylloma - San antonio de chuca",
      "Caylloma - Sibayo",
      "Caylloma - Tapay",
      "Caylloma - Tisco",
      "Caylloma - Tuti",
      "Caylloma - Yanque",
      "Condesuyos - Andaray",
      "Condesuyos - Chichas",
      "Condesuyos - Chuquibamba",
      "Condesuyos - Iray",
      "Condesuyos - Rio grande",
      "Condesuyos - Salamanca",
      "Condesuyos - Yanaquihua",
      "Islay - Islay",
      "Islay - Cocachacra",
      "Islay - Dean valdivia",
      "Islay - Mejia",
      "Islay - Mollendo",
      "Islay - Punta de bombon",
      "La Unión - Alca",
      "La Unión - Charcana",
      "La Unión - Cotahuasi",
      "La Unión - Huaynacotas",
      "La Unión - Pampamarca",
      "La Unión - Puyca",
      "La Unión - Quechualla",
      "La Unión - Sayla",
      "La Unión - Taurina",
      "La Unión - Tomepampa",
      "La Unión - Toro"
    ],
    "AYAC": [
      "Cangallo - Cangallo",
      "Cangallo - Chuschi",
      "Cangallo - Las morochucos",
      "Cangallo - Maria parado de bellido",
      "Cangallo - Paras",
      "Cangallo - Totos",
      "Huamanga - Acocro",
      "Huamanga - Acos vinchos",
      "Huamanga - Andres avelino caceres",
      "Huamanga - Ayacucho",
      "Huamanga - Carmen alto",
      "Huamanga - Chiara",
      "Huamanga - Jesus nazareno",
      "Huamanga - Ocros",
      "Huamanga - Pacaycasa",
      "Huamanga - Quinua",
      "Huamanga - San jose de ticllas",
      "Huamanga - San juan bautista",
      "Huamanga - Santiago de pischa",
      "Huamanga - Socos",
      "Huamanga - Tambillo",
      "Huamanga - Vinchos",
      "Huanta - Huanta",
      "Huanta - Ayahuanco",
      "Huanta - Chaca",
      "Huanta - Huamanguilla",
      "Huanta - Iguain",
      "Huanta - Luricocha",
      "Huanta - Pucacolpa",
      "Huanta - Santillana",
      "Huanta - Sivia",
      "Huanta - Uchuraccay",
      "La Mar - Anchihuay",
      "La Mar - Anco",
      "La Mar - Chilcas",
      "La Mar - Chungui",
      "La Mar - Luis Carranza",
      "La Mar - Oronccoy",
      "La Mar - Samugari",
      "La Mar - San Francisco",
      "La Mar - San Miguel",
      "La Mar - Santa Rosa",
      "La Mar - Tambo",
      "Lucanas - Aucara",
      "Lucanas - Cabana",
      "Lucanas - Carmen salcedo",
      "Lucanas - Chaviña",
      "Lucanas - Chipao",
      "Lucanas - Huac-Huas",
      "Lucanas - Laramate",
      "Lucanas - Leoncio prado",
      "Lucanas - Ocaña",
      "Lucanas - Otoca",
      "Lucanas - Puquio",
      "Lucanas - Saisa",
      "Lucanas - San cristobal",
      "Lucanas - San juan",
      "Lucanas - San pedro",
      "Lucanas - San pedro de palco",
      "Lucanas - Sancos",
      "Lucanas - Santa ana de huaycahuacho",
      "Lucanas - Santa lucia",
      "Parinacochas - Chumpi",
      "Parinacochas - Coracora",
      "Parinacochas - Coronel castañeda",
      "Parinacochas - Pacapausa",
      "Parinacochas - Puyusca",
      "Parinacochas - San francisco de ravacayco",
      "Parinacochas - Upahuacho",
      "Páucar del Sara Sara - Colta",
      "Páucar del Sara Sara - Corculla",
      "Páucar del Sara Sara - Lampa",
      "Páucar del Sara Sara - Marcabamba",
      "Páucar del Sara Sara - Oyolo",
      "Páucar del Sara Sara - Pararca",
      "Páucar del Sara Sara - Pausa",
      "Páucar del Sara Sara - San javier de alpabamba",
      "Páucar del Sara Sara - San jose de ushua",
      "Páucar del Sara Sara - Sara sara",
      "Sucre - Belen",
      "Sucre - Chalcos",
      "Sucre - Chilcayoc",
      "Sucre - Huacaña",
      "Sucre - Morcolla",
      "Sucre - Paico",
      "Sucre - Querobamba",
      "Sucre - San pedro de larcay",
      "Sucre - San salvador de quije",
      "Sucre - Santiago de paucaray",
      "Victor Fajardo - Alcamenca",
      "Victor Fajardo - Apongo",
      "Victor Fajardo - Asquipata",
      "Victor Fajardo - Canaria",
      "Victor Fajardo - Cayara",
      "Victor Fajardo - Colca",
      "Victor Fajardo - Huamanquiquia",
      "Victor Fajardo - Huancapi",
      "Victor Fajardo - Huancaraylla",
      "Victor Fajardo - Huaya",
      "Victor Fajardo - Sarhua",
      "Victor Fajardo - Vilcanchos",
      "Vilcashuamán - Accomarca",
      "Vilcashuamán - Carhuanca",
      "Vilcashuamán - Concepcion",
      "Vilcashuamán - Huambalpa",
      "Vilcashuamán - Independencia",
      "Vilcashuamán - Saurama",
      "Vilcashuamán - Vilcas Huaman",
      "Vilcashuamán - Vischongo"
    ],
    "CAJA": [
      "Cajabamba - Cajabamba",
      "Cajabamba - Cachachi",
      "Cajabamba - Condebamba",
      "Cajabamba - Sitacocha",
      "Cajamarca - Cajamarca",
      "Cajamarca - Jesus",
      "Cajamarca - Llacanora",
      "Cajamarca - Los baños del inca",
      "Cajamarca - Magdalena",
      "Cajamarca - Matara",
      "Cajamarca - Namora",
      "Celendín - Celendín",
      "Celendín - Chumuch",
      "Celendín - Cortegana",
      "Celendín - Huasmin",
      "Celendín - Jorge chavez",
      "Celendín - Jose Galvez",
      "Celendín - La libertad de pallan",
      "Celendín - Miguel iglesias",
      "Celendín - Oxamarca",
      "Celendín - Sorochuco",
      "Celendín - Sucre",
      "Celendín - Utco",
      "Chota - Chota",
      "Chota - Anguia",
      "Chota - Chadin",
      "Chota - Chalamarca",
      "Chota - Chiguirip",
      "Chota - Chimban",
      "Chota - Cochabamba",
      "Chota - Conchan",
      "Chota - Huambos",
      "Chota - Lajas",
      "Chota - Llama",
      "Chota - Miracosta",
      "Chota - Paccha",
      "Chota - Querocoto",
      "Chota - San juan de licupis",
      "Chota - Tacabamba",
      "Chota - Tocmoche",
      "Contumazá - Contumazá",
      "Contumazá - Chilete",
      "Contumazá - Cupsnique",
      "Contumazá - Guzmango",
      "Contumazá - San Benito",
      "Contumazá - Santa cruz de toled",
      "Contumazá - Tantarica",
      "Contumazá - Tembladera",
      "Cutervo - Cutervo",
      "Cutervo - Callayuc",
      "Cutervo - La ramada",
      "Cutervo - Pimpingos",
      "Cutervo - Querocotillo",
      "Cutervo - San andres de cutervo",
      "Cutervo - San luis de lucma",
      "Cutervo - Santa cruz",
      "Cutervo - Santo domingo de la capilla",
      "Cutervo - Santo tomas",
      "Cutervo - Socota",
      "Hualgayoc - Hualgayoc",
      "Hualgayoc - Bambamarca",
      "Hualgayoc - Chugur",
      "Jaén - Jaén",
      "Jaén - Bellavista",
      "Jaén - Chontali",
      "Jaén - Colasay",
      "Jaén - Huabal",
      "Jaén - Las pirias",
      "Jaén - Pomahuaca",
      "Jaén - Pucara",
      "Jaén - Sallique",
      "Jaén - San felipe",
      "Jaén - San jose del alto",
      "Jaén - Santa rosa",
      "San Ignasio - San Ignasio",
      "San Ignasio - Chirinos",
      "San Ignasio - Huarango",
      "San Ignasio - La copia",
      "San Ignasio - Namballe",
      "San Ignasio - San jose de lourdes",
      "San Marcos - San Marcos",
      "San Marcos - Chancay",
      "San Marcos - Eduardo villanueva",
      "San Marcos - Gregorio pita",
      "San Marcos - Ichocan",
      "San Marcos - Jose manuel quiroz",
      "San Marcos - Jose sabogal",
      "San Miguel - San Miguel",
      "San Miguel - Calquis",
      "San Miguel - El prado",
      "San Miguel - Llapa",
      "San Miguel - San silvestre de cochan",
      "San Miguel - Union agua blanca",
      "San Pablo - San Pablo",
      "San Pablo - San bernardino",
      "San Pablo - San luis",
      "San Pablo - Tumbaden",
      "Santa Cruz - Santa Cruz",
      "Santa Cruz - Andabamba",
      "Santa Cruz - Catache",
      "Santa Cruz - Chancaybaños",
      "Santa Cruz - La esperanza",
      "Santa Cruz - Ninabamba",
      "Santa Cruz - Pulan",
      "Santa Cruz - Saucepampa",
      "Santa Cruz - Uticyacu",
      "Santa Cruz - Yauyucan"
    ],
    "CUSC": [
      "Acomayo - Acomayo",
      "Anta - Anta",
      "Anta - Ancahuasi",
      "Anta - Cachimayo",
      "Anta - Huarocondo",
      "Anta - Limatambo",
      "Anta - Mollepata",
      "Anta - Pucyura",
      "Anta - Zurite",
      "Calca - Calca",
      "Calca - Coya",
      "Calca - Lamay",
      "Calca - Pisac",
      "Calca - San salvador",
      "Calca - Taray",
      "Calca - Yanatile",
      "Canas - Checca",
      "Canas - Kunturkanki",
      "Canas - Langui",
      "Canas - Layo",
      "Canas - Yanaoca",
      "Canchis - Checacupe",
      "Canchis - Combapata",
      "Canchis - Marangani",
      "Canchis - Pitumarca",
      "Canchis - San pablo",
      "Canchis - San pedro",
      "Canchis - Sicuani",
      "Canchis - Tinta",
      "Chumbivilcas - Livitaca",
      "Chumbivilcas - Santo tomas",
      "Cusco - Cusco",
      "Cusco - Ccorca",
      "Cusco - Poroy",
      "Cusco - San jeronimo",
      "Cusco - San sebastian",
      "Cusco - Santiago",
      "Cusco - Saylla",
      "Cusco - Wanchaq",
      "Espinar - Espinar",
      "La Convención - Echarate",
      "La Convención - Kimbiri",
      "La Convención - Pichari",
      "La Convención - Quillabamba",
      "Paruro - Paruro",
      "Paucartambo - Paucartambo",
      "Quispicanchi - Andahuaylillas",
      "Quispicanchi - Huaro",
      "Quispicanchi - Lucre",
      "Quispicanchi - Oropesa",
      "Quispicanchi - Quiquijana",
      "Quispicanchi - Urcos",
      "Urubamba - Urubamba",
      "Urubamba - Chincheros",
      "Urubamba - Huayllabamba",
      "Urubamba - Machupicchu",
      "Urubamba - Maras",
      "Urubamba - Ollantaytambo",
      "Urubamba - Yucay"
    ],
    "HUVA": [
      "Acobamba - Acobamba",
      "Acobamba - Andabamba",
      "Acobamba - Anta",
      "Acobamba - Caja",
      "Acobamba - Marcas",
      "Acobamba - Paucara",
      "Acobamba - Pomacocha",
      "Acobamba - Rosario",
      "Angaraes - Anchonga",
      "Angaraes - Callanmarca",
      "Angaraes - Ccochaccasa",
      "Angaraes - Chincho",
      "Angaraes - Congalla",
      "Angaraes - Huanca huanca",
      "Angaraes - Huayllay grande",
      "Angaraes - Julcamarca",
      "Angaraes - Lircay",
      "Angaraes - San antonio de antaparco",
      "Angaraes - Santo tomas de pata",
      "Angaraes - Secclla",
      "Castrovirreyna - Castrovirreyna",
      "Castrovirreyna - Cocas",
      "Castrovirreyna - Ticrapo",
      "Churcampa - Churcampa",
      "Churcampa - Anco",
      "Churcampa - Chinchihuasi",
      "Churcampa - Cosme",
      "Churcampa - El carmen",
      "Churcampa - La merced",
      "Churcampa - Locroja",
      "Churcampa - Pachamarca",
      "Churcampa - Paucarbamba",
      "Churcampa - San miguel de mayocc",
      "Churcampa - San pedro de coris",
      "Huancavelica - Huancavelica",
      "Huancavelica - Acobambilla",
      "Huancavelica - Acoria",
      "Huancavelica - Ascension",
      "Huancavelica - Cuenca",
      "Huancavelica - Huachocolpa",
      "Huancavelica - Huando",
      "Huancavelica - Huayllahuara",
      "Huancavelica - Izcuchaca",
      "Huancavelica - Manta",
      "Huancavelica - Mariscal caceres",
      "Huancavelica - Moya",
      "Huancavelica - Nuevo Occoro",
      "Huancavelica - Palca",
      "Huancavelica - Pilchaca",
      "Huancavelica - Vilca",
      "Huancavelica - Yauli",
      "Huaytará - Huaytará",
      "Huaytará - Ayavi",
      "Huaytará - Cordova",
      "Huaytará - Huayacundo arma",
      "Huaytará - Laramarca",
      "Huaytará - Ocoyo",
      "Huaytará - Pilpichaca",
      "Huaytará - Querco",
      "Huaytará - Quito arma",
      "Huaytará - San antonio de cusicancha",
      "Huaytará - San francisco de sangayaico",
      "Huaytará - San isidro",
      "Huaytará - Santiago de chocorvos",
      "Huaytará - Santiago de quirahuara",
      "Huaytará - Santo domingo de capillas",
      "Huaytará - Tambo",
      "Tayacaja - Tayacaja",
      "Tayacaja - Acostambo",
      "Tayacaja - Acraquia",
      "Tayacaja - Ahuaycha",
      "Tayacaja - Colcabamba",
      "Tayacaja - Daniel hernandez",
      "Tayacaja - Huachocolpa",
      "Tayacaja - Huaribamba",
      "Tayacaja - Pazos",
      "Tayacaja - Pichos",
      "Tayacaja - Quichuas",
      "Tayacaja - Quishuar",
      "Tayacaja - Roble",
      "Tayacaja - Salcabamba",
      "Tayacaja - Salcahuasi",
      "Tayacaja - San marcos de rocchac",
      "Tayacaja - Surcubamba",
      "Tayacaja - Tintay puncu",
      "Tayacaja - Ñahuimpuquio"
    ],
    "HUNO": [
      "Ambo - Ambo",
      "Ambo - Cayna",
      "Ambo - Colpas",
      "Ambo - Conchamarca",
      "Ambo - Huacar",
      "Ambo - San francisco",
      "Ambo - San rafael",
      "Ambo - Tomay kichwa",
      "Dos de Mayo - Chuquis",
      "Dos de Mayo - La union",
      "Dos de Mayo - Marias",
      "Dos de Mayo - Pachas",
      "Dos de Mayo - Quivilla",
      "Dos de Mayo - Ripan",
      "Dos de Mayo - Shunqui",
      "Dos de Mayo - Sillapata",
      "Dos de Mayo - Yanas",
      "Huacaybamba - Huacaybamba",
      "Huacaybamba - Canchabamba",
      "Huacaybamba - Cochabamba",
      "Huacaybamba - Pinra",
      "Huamalíes - Arancay",
      "Huamalíes - Chavin de pariarca",
      "Huamalíes - Jacas grande",
      "Huamalíes - Jircan",
      "Huamalíes - Llata",
      "Huamalíes - Miraflores",
      "Huamalíes - Monzon",
      "Huamalíes - Punchao",
      "Huamalíes - Puños",
      "Huamalíes - Singa",
      "Huamalíes - Tantamayo",
      "Huánuco - Huánuco",
      "Huánuco - Amarilis",
      "Huánuco - Chinchao",
      "Huánuco - Churubamba",
      "Huánuco - Margos",
      "Huánuco - Pillco marca",
      "Huánuco - Quisqui",
      "Huánuco - San francisco de cayran",
      "Huánuco - San pablo de pillao",
      "Huánuco - San pedro de chaulan",
      "Huánuco - Santa maria del valle",
      "Huánuco - Yacus",
      "Huánuco - Yarumayo",
      "Lauricocha - Baños",
      "Lauricocha - Jesus",
      "Lauricocha - Jivia",
      "Lauricocha - Queropalca",
      "Lauricocha - Rondos",
      "Lauricocha - San francisco de asis",
      "Lauricocha - San miguel de cauri",
      "Leoncio Prado - Aucayacu",
      "Leoncio Prado - Castillo grande",
      "Leoncio Prado - Daniel alomias robles",
      "Leoncio Prado - Hermilio valdizan",
      "Leoncio Prado - Luyando",
      "Leoncio Prado - Mariano damaso beraun",
      "Leoncio Prado - Pucayacu",
      "Leoncio Prado - Pueblo nuevo",
      "Leoncio Prado - Santo domingo de anda",
      "Leoncio Prado - Tingo maria",
      "Marañón - Cholon",
      "Marañón - Huacrachuco",
      "Marañón - San buenaventura",
      "Marañón - Santa rosa de alto yanajanca",
      "Pachitea - Chaglla",
      "Pachitea - Molino",
      "Pachitea - Panao",
      "Pachitea - Umari",
      "Puerto Inca - Codo del pozuzo",
      "Puerto Inca - Honoria",
      "Puerto Inca - Puerto inca",
      "Puerto Inca - Tournavista",
      "Puerto Inca - Yuyapichis",
      "Yarowilca - Aparicio pomares",
      "Yarowilca - Cahuac",
      "Yarowilca - Chacabamba",
      "Yarowilca - Chavinillo",
      "Yarowilca - Choras",
      "Yarowilca - Jacas chico",
      "Yarowilca - Obas",
      "Yarowilca - Pampamarca"
    ],
    "ICAA": [
      "Chincha - Alto laran ",
      "Chincha - Chincha alta",
      "Chincha - Chincha baja",
      "Chincha - El carmen",
      "Chincha - Grocio Prado",
      "Chincha - Pueblo nuevo",
      "Chincha - Sunampe",
      "Chincha - Tambo de mora",
      "Ica - Ica",
      "Ica - La tinguiña",
      "Ica - Los Aquijes",
      "Ica - Pachacutec",
      "Ica - Parcona",
      "Ica - Pueblo nuevo",
      "Ica - San Jose de Los Molinos",
      "Ica - San juan bautista",
      "Ica - Subtanjalla",
      "Ica - Tate",
      "Nazca - Nazca",
      "Nazca - El ingenio",
      "Nazca - Marcona",
      "Nazca - Vista alegre",
      "Palpa - Palpa",
      "Pisco - Pisco",
      "Pisco - Huamy",
      "Pisco - Independencia",
      "Pisco - Paracas",
      "Pisco - San andres",
      "Pisco - San clemente",
      "Pisco - Tupac amaru inca"
    ],
    "JUNI": [
      "Chanchamayo - La merced",
      "Chanchamayo - Perene",
      "Chanchamayo - Pichanaki",
      "Chanchamayo - San ramon",
      "Chupaca - Chupaca",
      "Chupaca - Ahuac",
      "Chupaca - Chongos bajo",
      "Chupaca - Huachac",
      "Chupaca - Huamancaca chico",
      "Chupaca - San juan de jarpa",
      "Chupaca - San juan de yscos",
      "Chupaca - Tres de diciembre",
      "Chupaca - Yanacancha",
      "Concepción - Concepción",
      "Concepción - Aco",
      "Concepción - Andamarca",
      "Concepción - Chambara",
      "Concepción - Cochas",
      "Concepción - Comas",
      "Concepción - Heroinas toledo",
      "Concepción - Manzanares",
      "Concepción - Mariscal castilla",
      "Concepción - Matahuasi",
      "Concepción - Mito",
      "Concepción - Nueve de julio",
      "Concepción - Orcotuna",
      "Concepción - San jose de quero",
      "Concepción - Santa rosa de ocopa",
      "Huancayo - Huancayo",
      "Huancayo - Chilca",
      "Huancayo - El tambo",
      "Huancayo - Hualhuas",
      "Huancayo - Huancan",
      "Huancayo - Huayucachi",
      "Huancayo - Pilcomayo",
      "Huancayo - San agustin",
      "Huancayo - San jeronimo de tunan",
      "Huancayo - Sapallanga",
      "Huancayo - Saño",
      "Jauja - Jauja",
      "Jauja - Acolla",
      "Jauja - Apata",
      "Jauja - Ataura",
      "Jauja - Canchayllo",
      "Jauja - Curicaca",
      "Jauja - El mantaro",
      "Jauja - Huamali",
      "Jauja - Huaripampa",
      "Jauja - Huertas",
      "Jauja - Janjaillo",
      "Jauja - Julcan",
      "Jauja - Leonor ordoñez",
      "Jauja - Llocllapampa",
      "Jauja - Marco",
      "Jauja - Masma",
      "Jauja - Masma chicche",
      "Jauja - Molinos",
      "Jauja - Muqui",
      "Jauja - Muquiyauyo",
      "Jauja - Paca",
      "Jauja - Paccha",
      "Jauja - Pancan",
      "Jauja - Parco",
      "Jauja - Pomacancha",
      "Jauja - Ricran",
      "Jauja - San lorenzo",
      "Jauja - San pedro de chunan",
      "Jauja - Sausa",
      "Jauja - Sincos",
      "Jauja - Tunan marca",
      "Jauja - Yauli",
      "Jauja - Yauyos",
      "Junin - Junin",
      "Junin - Carhuamayo",
      "Junin - Ondores",
      "Junin - Ulcumayo",
      "Satipo - Satipo",
      "Satipo - Coviriali",
      "Satipo - Llaylla",
      "Satipo - Mazamari",
      "Satipo - Pampa hermosa",
      "Satipo - Pangoa",
      "Satipo - Rio negro",
      "Satipo - Rio tambo",
      "Tarma - Tarma",
      "Tarma - Acobamba",
      "Tarma - Huaricolca",
      "Tarma - Huasahuasi",
      "Tarma - La union",
      "Tarma - Palca",
      "Tarma - Palcamayo",
      "Tarma - San pedro de cajas",
      "Tarma - Tapo",
      "Yauli - Yauli",
      "Yauli - Chacapalca",
      "Yauli - Huay huay",
      "Yauli - La oroya",
      "Yauli - Morococha",
      "Yauli - Paccha",
      "Yauli - Santa barbara de carhuacayan",
      "Yauli - Santa rosa de sacco",
      "Yauli - Suitucancha"
    ],
    "LALA": [
      "Ascope - Paijan",
      "Ascope - Casa Grande",
      "Ascope - Chocope",
      "Bolivar - Bolivar",
      "Bolivar - Longotea",
      "Bolivar - Uchumarca",
      "Bolivar - Ucuncha",
      "Chepén - Chepén",
      "Chepén - Pacanga",
      "Chepén - Pueblo Nuevo",
      "Gran Chimú - Cascas",
      "Gran Chimú - Lucma",
      "Gran Chimú - Marmot",
      "Gran Chimú - Sayapullo",
      "Julcán - Julcán",
      "Julcán - Calamarca",
      "Julcán - Carabamba",
      "Julcán - Huaso",
      "Otuzco - Otuzco",
      "Otuzco - Agallpampa",
      "Otuzco - Charat",
      "Otuzco - Mache",
      "Otuzco - Paranday",
      "Otuzco - Salpo",
      "Otuzco - Sinsicap",
      "Otuzco - Usquil",
      "Pacasmayo - Pacasmayo",
      "Pacasmayo - Guadalupe",
      "Pacasmayo - Jequetepeque",
      "Pacasmayo - San jose",
      "Pacasmayo - San pedro de lloc",
      "Pataz - Pataz",
      "Pataz - Buldibuyo",
      "Pataz - Chillia",
      "Pataz - Huancaspata",
      "Pataz - Huaylillas",
      "Pataz - Parcoy",
      "Pataz - Santiago de challas",
      "Pataz - Taurija",
      "Pataz - Tayabamba",
      "Pataz - Urpay",
      "Sanchez Carrion - Chugay",
      "Sanchez Carrion - Cochorco",
      "Sanchez Carrion - Curgos",
      "Sanchez Carrion - Huamachuco",
      "Sanchez Carrion - Marcabal",
      "Sanchez Carrion - Sanagoran",
      "Sanchez Carrion - Sarin",
      "Sanchez Carrion - Sartimbamba",
      "Santiago de Chuco - Santiago de Chuco",
      "Santiago de Chuco - Angasmarca",
      "Santiago de Chuco - Cachicadan",
      "Santiago de Chuco - Mollebamba",
      "Santiago de Chuco - Mollepata",
      "Santiago de Chuco - Quiruvilca",
      "Santiago de Chuco - Santa cruz de chuca",
      "Santiago de Chuco - Sitabamba",
      "Trujillo - Trujillo",
      "Trujillo - El provenir",
      "Trujillo - Florencia de mora",
      "Trujillo - Huanchaco",
      "Trujillo - La esperanza",
      "Trujillo - Laredo",
      "Trujillo - Moche",
      "Trujillo - Salaverry",
      "Trujillo - Victor larco herrera",
      "Viru - Viru"
    ],
    "LAME": [
      "Chiclayo - Chiclayo",
      "Chiclayo - Cayalti",
      "Chiclayo - Chongoyape",
      "Chiclayo - Eten",
      "Chiclayo - Eten puerto",
      "Chiclayo - Jose leonardo ortiz",
      "Chiclayo - La victoria",
      "Chiclayo - Lagunas",
      "Chiclayo - Monsefu",
      "Chiclayo - Nueva Arica",
      "Chiclayo - Oyotun",
      "Chiclayo - Patapo",
      "Chiclayo - Picsi",
      "Chiclayo - Pimentel",
      "Chiclayo - Pomalca",
      "Chiclayo - Pucala",
      "Chiclayo - Reque",
      "Chiclayo - Santa rosa",
      "Chiclayo - Saña",
      "Chiclayo - Tuman",
      "Ferreñafe - Ferreñafe",
      "Ferreñafe - Manuel Antonio Mesones Muro",
      "Ferreñafe - Pitipo",
      "Ferreñafe - Pueblo Nuevo",
      "Lambayeque - Lambayeque",
      "Lambayeque - Chochope",
      "Lambayeque - Illimo",
      "Lambayeque - Jayanca",
      "Lambayeque - Mochumi",
      "Lambayeque - Morrope",
      "Lambayeque - Motupe",
      "Lambayeque - Olmos",
      "Lambayeque - Pacora",
      "Lambayeque - Salas",
      "Lambayeque - San jose",
      "Lambayeque - Tucume"
    ],
    "LORO": [
      "Alto Amazonas - Balsapuerto",
      "Alto Amazonas - Santa Cruz",
      "Alto Amazonas - Yurimaguas",
      "Datem del Marañon - San lorenzo",
      "Loreto - Nauta",
      "Mariscal Ramón Castilla - Caballococha",
      "Mariscal Ramón Castilla - Pebas",
      "Mariscal Ramón Castilla - San pablo",
      "Mariscal Ramón Castilla - Yavari",
      "Maynas - Belen",
      "Maynas - Iquitos",
      "Maynas - Punchana",
      "Maynas - San juan bautista",
      "Maynas - Putumayo",
      "Maynas - Requena",
      "Ucayali - Contamana",
      "Ucayali - Inahuaya",
      "Ucayali - Padre marquez",
      "Ucayali - Pampa hermosa",
      "Ucayali - Sarayacu",
      "Ucayali - Vargas guerra"
    ],
    "MDDO": [
      "Manu - Huepetuhe",
      "Manu - Tahuamanu",
      "Manu - Iberia",
      "Manu - Iñapari",
      "Manu - Tahuamanu",
      "Tambopata - Laberinto",
      "Tambopata - Mazuco (Inambari)",
      "Tambopata - Puerto maldonado",
      "Tambopata - Tambopata"
    ],
    "MOQE": [
      "Ilo - Ilo",
      "Ilo - El algarrobal",
      "Ilo - Pacocha",
      "Mariscal Nieto - Moquegua",
      "Mariscal Nieto - Samegua",
      "Mariscal Nieto - Torata"
    ],
    "PASC": [
      "Daniel Alcides Carrión - Chacayan",
      "Daniel Alcides Carrión - Goyllarisquizga",
      "Daniel Alcides Carrión - Paucar",
      "Daniel Alcides Carrión - San pedro de pillao",
      "Daniel Alcides Carrión - Santa ana de tusi",
      "Daniel Alcides Carrión - Tapuc",
      "Daniel Alcides Carrión - Vilcabamba",
      "Daniel Alcides Carrión - Yanahuanca",
      "Oxapampa - Oxapampa",
      "Oxapampa - Chontabamba",
      "Oxapampa - Constitucion",
      "Oxapampa - Huancabamba",
      "Oxapampa - Iscozacin",
      "Oxapampa - Pozuzo",
      "Oxapampa - Puerto bermudez",
      "Oxapampa - Villa rica",
      "Pasco - Cerro de pasco",
      "Pasco - Huachon",
      "Pasco - Huariaca",
      "Pasco - Huayllay",
      "Pasco - Ninacaca",
      "Pasco - Pallanchacra",
      "Pasco - Paucartambo",
      "Pasco - San francisco de asis de yarusyacan",
      "Pasco - Simon bolivar",
      "Pasco - Ticlacayan",
      "Pasco - Tinyahuarco",
      "Pasco - Vicco",
      "Pasco - Yanacancha"
    ],
    "PIUR": [
      "Ayabaca - Ayabaca",
      "Ayabaca - Lagunas",
      "Ayabaca - Montero",
      "Ayabaca - Pacaipampa",
      "Ayabaca - Paimas",
      "Ayabaca - Sapillica",
      "Huancabamba - Huancabamba",
      "Huancabamba - Canchaque",
      "Huancabamba - El carmen de la frontera",
      "Huancabamba - Sondor",
      "Huancabamba - Sondorillo",
      "Morropon - Morropon",
      "Morropon - Buenos aires",
      "Morropon - Chalaco",
      "Morropon - Chulucanas",
      "Morropon - La matanza",
      "Morropon - Salitral",
      "Morropon - San juan de bigote",
      "Morropon - Santa catalina de mossa",
      "Morropon - Santo domingo",
      "Morropon - Yamango",
      "Paita - Paita",
      "Paita - Amotape",
      "Paita - Arenal",
      "Paita - Colan",
      "Paita - La huaca",
      "Paita - Tamarindo",
      "Paita - Vichayal",
      "Piura - Piura",
      "Piura - Castilla",
      "Piura - Catacaos",
      "Piura - Cura mori",
      "Piura - El tallan",
      "Piura - La arena",
      "Piura - La union",
      "Piura - Las lomas",
      "Piura - Tambo grande",
      "Piura - Veintiseis de octubre",
      "Sechura - Sechura",
      "Sullana - Sullana",
      "Sullana - Bellavista",
      "Sullana - Ignacio escudero",
      "Sullana - Lancones",
      "Sullana - Miguel checa",
      "Sullana - Querecotillo",
      "Sullana - Salitral",
      "Talara - Talara",
      "Talara - El alto",
      "Talara - La brea",
      "Talara - Lobitos",
      "Talara - Los organos",
      "Talara - Mancora"
    ],
    "PUNO": [
      "Azángaro - Azángaro",
      "Azángaro - Achaya",
      "Azángaro - Arapa",
      "Azángaro - Asillo",
      "Azángaro - Caminaca",
      "Azángaro - Chupa",
      "Azángaro - Jose Domingo",
      "Azángaro - Muñani",
      "Azángaro - Potoni",
      "Azángaro - Saman",
      "Azángaro - San Anton",
      "Azángaro - San jose de ticllas",
      "Azángaro - San Juan de Salinas",
      "Azángaro - Santiago de Pupuja",
      "Azángaro - Tirapata",
      "Carabaya - Ajoyani",
      "Carabaya - Crucero",
      "Carabaya - Macusani",
      "Carabaya - Ollachea",
      "Carabaya - San Gaban",
      "Chucuito - Chucuito",
      "Chucuito - Desaguadero",
      "Chucuito - Juli",
      "Chucuito - Pomata",
      "Chucuito - Zepita",
      "El Collao - Ilave",
      "El Collao - Pilcuyo",
      "Huancané - Huancané",
      "Huancané - Huatasani",
      "Huancané - Pusi",
      "Huancané - Taraco",
      "Huancané - Vilque Chico",
      "lampa - lampa",
      "lampa - Cabanilla",
      "lampa - Calapuja",
      "lampa - Nicasio",
      "lampa - Ocuviri",
      "lampa - Palca",
      "lampa - Paratia",
      "lampa - Pucara",
      "lampa - Santa Lucia",
      "Melgar - Ayaviri",
      "Melgar - Llalli",
      "Melgar - Macari",
      "Melgar - Nuñoa",
      "Melgar - Orurillo",
      "Melgar - Santa Rosa",
      "Melgar - Umachiri",
      "Moho - Moho",
      "Moho - Conima",
      "Moho - Tilali",
      "Puno - Puno",
      "Puno - Acora",
      "Puno - Atuncolla",
      "Puno - Capachica",
      "Puno - Chucuito",
      "Puno - Coata",
      "Puno - Huata",
      "Puno - Mañazo",
      "Puno - Paucarcolla",
      "Puno - Pichacani",
      "Puno - Plateria",
      "Puno - San Antonio",
      "Puno - Tiquillaca",
      "Puno - Vilque",
      "San Roman - Cabana",
      "San Roman - Cabanillas",
      "San Roman - Caracoto",
      "San Roman - Juliaca",
      "San Roman - San Miguel",
      "San Antonio de Putina - Putina",
      "Putina - Sandia",
      "Yunguyo - Yunguyo"
    ],
    "SAMA": [
      "Bellavista - Bellavista",
      "Bellavista - Alto Biavo",
      "Bellavista - Bajo Biavo",
      "Bellavista - Huallaga",
      "Bellavista - San Pablo",
      "Bellavista - San Rafael",
      "El Dorado - Agua Blanca",
      "El Dorado - San Jose de Sisa",
      "El Dorado - San Martin",
      "El Dorado - Santa Rosa",
      "El Dorado - Shatoja",
      "Huallaga - Alto Saposoa",
      "Huallaga - El Eslabon",
      "Huallaga - Piscoyacu",
      "Huallaga - Sacanche",
      "Huallaga - Saposoa",
      "Huallaga - Tingo de Saposoa",
      "Lamas - Lamas",
      "Lamas - Barranquita",
      "Lamas - Caynarachi",
      "Lamas - Cuñumbuqui",
      "Lamas - Pinto Recodo",
      "Lamas - Roque",
      "Lamas - Rumisapa",
      "Lamas - San Roque de Cumbaza",
      "Lamas - Shanao",
      "Lamas - Tabalosos",
      "Lamas - Zapatero",
      "Mariscal Caceres - Campanilla",
      "Mariscal Caceres - Huicungo",
      "Mariscal Caceres - Juanjui",
      "Moyobamba - Moyobamba",
      "Moyobamba - Calzada",
      "Moyobamba - Habana",
      "Moyobamba - Jepelacio",
      "Moyobamba - Soritor",
      "Moyobamba - Yantalo",
      "Picota - Picota",
      "Picota - Buenos Aires",
      "Picota - Caspisapa",
      "Picota - Pilluana",
      "Picota - Pucacaca",
      "Picota - San Cristobal",
      "Picota - San Hilarion",
      "Picota - Shamboyacu",
      "Picota - Tingo de Ponasa",
      "Picota - Tres Unidos",
      "Rioja - Rioja",
      "Rioja - Awajun",
      "Rioja - Elias  Soplin Vargas",
      "Rioja - Naranjos",
      "Rioja - Nueva Cajamarca",
      "Rioja - Posic",
      "Rioja - San Fernando",
      "Rioja - Yorongos",
      "Rioja - Yaracyacu",
      "San Martin - Alberto Leveau",
      "San Martin - Cacatachi",
      "San Martin - Chipurania",
      "San Martin - EL Porvenir",
      "San Martin - Huimbayoc",
      "San Martin - La Banda de Shilcayo",
      "San Martin - Morales",
      "San Martin - Papaplaya",
      "San Martin - San Antonio",
      "San Martin - Tarapoto",
      "Tocache - Tocache",
      "Tocache - Nuevo Progreso",
      "Tocache - Polvora",
      "Tocache - Santa Lucia",
      "Tocache - Shunte",
      "Tocache - Uchiza"
    ],
    "TACA": [
      "Candarave - Candarave",
      "Candarave - Cairani",
      "Candarave - Camilaca",
      "Candarave - Candarave",
      "Candarave - Curibaya",
      "Candarave - Huanuara",
      "Candarave - Quilahuani",
      "Jorgue Basadre - Ite",
      "Jorgue Basadre - Locumba",
      "Tacna - Tacna",
      "Tacna - Alto de la Alianza",
      "Tacna - Calana",
      "Tacna - Ciudad Nueva",
      "Tacna - Coronel Gregorio Albarracin",
      "Tacna - Inclan",
      "Tacna - La Yarada los Palos",
      "Tacna - Pachia",
      "Tacna - Pocollay",
      "Tacna - Sama",
      "Tarata - Tarata",
      "Tarata - Chucatamani",
      "Tarata - Estique",
      "Tarata - Estique-Pampa",
      "Tarata - Sitajara",
      "Tarata - Susapaya",
      "Tarata - Tarucachi",
      "Tarata - Ticaco"
    ],
    "TUMB": [
      "Contralmirante Villar - Canoas de Punta Sal",
      "Contralmirante Villar - Zorritos",
      "Tumbes - Tumbes",
      "Tumbes - Corrales",
      "Tumbes - La Cruz",
      "Tumbes - Pampas de Hospital",
      "Tumbes - San Jacinto",
      "Tumbes - San Juan de la Virgen",
      "Zarumilla - Aguas Verdes",
      "Zarumilla - Papayal",
      "Zarumilla - Zarumilla"
    ],
    "UCAY": [
      "Atalaya - Atalaya",
      "Atalaya - Sepahua",
      "Atalaya - Tahuanua",
      "Atalaya - Yurua",
      "Coronel Portillo - Campo Verde",
      "Coronel Portillo - Iparia",
      "Coronel Portillo - Manantay",
      "Coronel Portillo - Masisea",
      "Coronel Portillo - Nueva Requena",
      "Coronel Portillo - Pucallpa",
      "Coronel Portillo - Yarinacocha",
      "Padre Abad - Aguaytia",
      "Padre Abad - Alexander Von Humbodt",
      "Padre Abad - Curimana",
      "Padre Abad - Irazola",
      "Padre Abad - Neshuya",
      "Purus - Purus"
    ]
  }
}
